/*
Data for employee roles
*/
INSERT INTO employee_roles VALUES (0,'SA'),(1,'DM'),(2,'PM'),(3,'UR');

/*
Data for employee information with privileges
*/
INSERT INTO employee_info(employee_id, employee_fname, employee_lname, employee_password, employee_username, employee_role)
VALUES
(10002,'Kedar','Pise',PASSWORD('12345'),'kedarpi',1),
(10003,'Priyanshi','Tripathi',PASSWORD('12345'),'priyanshit',1),
(10004,'Harsh','Shah',PASSWORD('12345'),'harshs',2),
(10005,'Nitin','Bhosle',PASSWORD('12345'),'nitinbho',2),
(10006,'Nikhil','Girase',PASSWORD('12345'),'nikhilg',2),
(10007,'test','test',PASSWORD('12345'),'test',3),
(10008,'Georgi','Facello',PASSWORD('12345'),'georgif',3),
(10009,'Bezalel','Simmel',PASSWORD('12345'),'bezalels',3);

/*
Data for project information
*/
INSERT INTO project_info
(project_id, project_description, project_title, project_under_employee, project_active)
VALUES
(1,'Simulate the mechanical systems using Java3D extensively.Main focus is on 3D graphics. This mechanical system is very efficient for almost all the manufacturing processes like driling, milling, slotting, etc. Our similation would be very useful in designing these systems.','Simulation of Hybrid Kinematic Mechanical Systems using Java3D ',10006,1),
(2,'A PERT chart is a project management tool used to schedule, organize, and coordinate tasks within a project. PERT chart aids in the reduction of over-all project time by showing which things can be done simultaneously and enabling a reduction of delays between things which are done sequentially.','Program Evaluation and Review Technique ',10005,1),
(3,'This converts Java source into HTML (Hypertext Markup Language) for public presentation, much like Jonathan Revusky’s JavaToHTML. It would colour various syntatic elements. It would use bold on a variable in the place it is defined. It would use variable sized () and {} depending on how deeply nested they are.','Java Source Code Presenter',10004,1),
(4,'It calculates the positions of the planets and the moon at any given time then prints out the astrological interpretations.','Celestial Body Tracker/Astrologer',10003,1),
(5,'The aim of this project is to develop a web crawler program that will examine web pages at a list of websites to extract email addresses that satisfy certain pattern matching conditions, and to store these email addresses in a database.','Email harvester',10002,1),
(6,'There are two kinds of customers administration and worker. Employee can only see the information and his transaction per month. Admin can get into worker information, worker wage information, keep information and can also modify and remove those information','Payroll system',10002,0);

/*
Data for release information
*/
INSERT INTO release_info
(`release_id`,`release_project`,`release_title`,`release_description`,`release_startdate`,`release_planneddate`,`release_actualreleasedate`,`release_type`,`release_under`,`release_status`,`release_manager`,`release_version`,`release_active`)
VALUES
(1,1,"project1_release1","An nvarchar column can store any Unicode data. A varchar column is restricted to an 8-bit codepage. Some people think that varchar should be used because it takes up less space. I believe this is not the correct answer. Codepage incompatabilities are a pain, and Unicode is the cure for codepage problems. With cheap disk and memory nowadays, there is really no reason to waste time mucking around with code pages anymore.",
'2015-03-01','2015-05-01','2015-05-16','milestone','Dev Test','released',10006,'v1.0.0.0',1),
(2,2,"project2_release1","An nvarchar column can store any Unicode data. A varchar column is restricted to an 8-bit codepage. Some people think that varchar should be used because it takes up less space. I believe this is not the correct answer. Codepage incompatabilities are a pain, and Unicode is the cure for codepage problems. With cheap disk and memory nowadays, there is really no reason to waste time mucking around with code pages anymore.",
'2015-03-01','2015-05-01','2015-05-16','milestone','production','released',10005,'v1.0.0.0',1),
(3,3,"project3_release1","An nvarchar column can store any Unicode data. A varchar column is restricted to an 8-bit codepage. Some people think that varchar should be used because it takes up less space. I believe this is not the correct answer. Codepage incompatabilities are a pain, and Unicode is the cure for codepage problems. With cheap disk and memory nowadays, there is really no reason to waste time mucking around with code pages anymore.",
'2015-03-01','2015-05-01','2015-05-16','milestone','production','released',10004,'v1.0.0.0',1),
(4,4,"project4_release1","An nvarchar column can store any Unicode data. A varchar column is restricted to an 8-bit codepage. Some people think that varchar should be used because it takes up less space. I believe this is not the correct answer. Codepage incompatabilities are a pain, and Unicode is the cure for codepage problems. With cheap disk and memory nowadays, there is really no reason to waste time mucking around with code pages anymore.",
'2015-03-01','2015-05-01','2015-05-16','milestone','production','released',10003,'v1.0.0.0',1),
(5,5,"project5_release1","An nvarchar column can store any Unicode data. A varchar column is restricted to an 8-bit codepage. Some people think that varchar should be used because it takes up less space. I believe this is not the correct answer. Codepage incompatabilities are a pain, and Unicode is the cure for codepage problems. With cheap disk and memory nowadays, there is really no reason to waste time mucking around with code pages anymore.",
'2015-03-01','2015-05-01','2015-05-16','milestone','production','released',10002,'v1.0.0.0',1),
(6,6,"project6_release1","An nvarchar column can store any Unicode data. A varchar column is restricted to an 8-bit codepage. Some people think that varchar should be used because it takes up less space. I believe this is not the correct answer. Codepage incompatabilities are a pain, and Unicode is the cure for codepage problems. With cheap disk and memory nowadays, there is really no reason to waste time mucking around with code pages anymore.",
'2015-03-01','2015-05-01','2015-05-16','milestone','production','released',10002,'v1.0.0.0',1),
(7,1,"project1_release2","An nvarchar column can store any Unicode data. A varchar column is restricted to an 8-bit codepage. Some people think that varchar should be used because it takes up less space. I believe this is not the correct answer. Codepage incompatabilities are a pain, and Unicode is the cure for codepage problems. With cheap disk and memory nowadays, there is really no reason to waste time mucking around with code pages anymore.",
'2015-06-01','2015-06-30','2015-07-02','build','Dev Test','released',10006,'v1.0.0.1',1),
(8,1,"project1_release3","An nvarchar column can store any Unicode data. A varchar column is restricted to an 8-bit codepage. Some people think that varchar should be used because it takes up less space. I believe this is not the correct answer. Codepage incompatabilities are a pain, and Unicode is the cure for codepage problems. With cheap disk and memory nowadays, there is really no reason to waste time mucking around with code pages anymore.",
'2015-07-15','2015-09-30','2015-10-15','Final','Dev Test','released',10006,'v1.0.0.1.final',1),
(9,1,"project1_release4","An nvarchar column can store any Unicode data. A varchar column is restricted to an 8-bit codepage. Some people think that varchar should be used because it takes up less space. I believe this is not the correct answer. Codepage incompatabilities are a pain, and Unicode is the cure for codepage problems. With cheap disk and memory nowadays, there is really no reason to waste time mucking around with code pages anymore.",
'2015-11-01','2016-02-01','2016-03-01','milestone','QA Test','released',10006,'v2.0.0.0',0),
(10,1,"project1_release5","An nvarchar column can store any Unicode data. A varchar column is restricted to an 8-bit codepage. Some people think that varchar should be used because it takes up less space. I believe this is not the correct answer. Codepage incompatabilities are a pain, and Unicode is the cure for codepage problems. With cheap disk and memory nowadays, there is really no reason to waste time mucking around with code pages anymore.",
'2016-03-02','2016-05-01','2016-05-01','Major','production','released',10006,'v1.1.0.0.final',1),
(11,1,"project1_release6","An nvarchar column can store any Unicode data. A varchar column is restricted to an 8-bit codepage. Some people think that varchar should be used because it takes up less space. I believe this is not the correct answer. Codepage incompatabilities are a pain, and Unicode is the cure for codepage problems. With cheap disk and memory nowadays, there is really no reason to waste time mucking around with code pages anymore.",
'2016-05-02','2016-06-01','2016-06-15','Final','production','released',10006,'v2.0.0.0.final',1),
(12,2,"project2_release2","An nvarchar column can store any Unicode data. A varchar column is restricted to an 8-bit codepage. Some people think that varchar should be used because it takes up less space. I believe this is not the correct answer. Codepage incompatabilities are a pain, and Unicode is the cure for codepage problems. With cheap disk and memory nowadays, there is really no reason to waste time mucking around with code pages anymore.",
'2015-05-25','2015-05-30','2015-06-01','milestone','QA','released',10005,'v1.0.0.0',1),
(13,2,"project2_release3","An nvarchar column can store any Unicode data. A varchar column is restricted to an 8-bit codepage. Some people think that varchar should be used because it takes up less space. I believe this is not the correct answer. Codepage incompatabilities are a pain, and Unicode is the cure for codepage problems. With cheap disk and memory nowadays, there is really no reason to waste time mucking around with code pages anymore.",
'2015-06-05','2015-06-15','2015-06-20','minor','QA','released',10005,'v1.0.1.0',1),
(14,2,"project2_release4","An nvarchar column can store any Unicode data. A varchar column is restricted to an 8-bit codepage. Some people think that varchar should be used because it takes up less space. I believe this is not the correct answer. Codepage incompatabilities are a pain, and Unicode is the cure for codepage problems. With cheap disk and memory nowadays, there is really no reason to waste time mucking around with code pages anymore.",
'2015-06-25','2015-09-20','2015-09-27','major','production','released',10005,'v1.1.0.0',1),
(15,2,"project2_release5","An nvarchar column can store any Unicode data. A varchar column is restricted to an 8-bit codepage. Some people think that varchar should be used because it takes up less space. I believe this is not the correct answer. Codepage incompatabilities are a pain, and Unicode is the cure for codepage problems. With cheap disk and memory nowadays, there is really no reason to waste time mucking around with code pages anymore.",
'2015-10-02','2016-01-10','2016-01-15','build','production','released',10005,'v1.0.0.1',1),
(16,2,"project2_release6","An nvarchar column can store any Unicode data. A varchar column is restricted to an 8-bit codepage. Some people think that varchar should be used because it takes up less space. I believe this is not the correct answer. Codepage incompatabilities are a pain, and Unicode is the cure for codepage problems. With cheap disk and memory nowadays, there is really no reason to waste time mucking around with code pages anymore.",
'2016-01-25','2016-04-01','2016-04-10','Final','production','released',10005,'v2.0.0.0.final',0);

/*
Data for Iteration information
*/
INSERT INTO `iteration_info`
(`iteration_id`,
`iteration_description`,
`iteration_enddate`,
`iteration_startdate`,
`iteration_status`,
`iteration_title`,
`iteration_type`,
`iteration_for_release`,`iteration_active`)
VALUES
(1,'abc','2015-03-28','2015-03-1','working','a','Dev',1,1),
(2,'def','2015-04-24','2015-03-29','completed','b','Dev',1,1),
(3,'hij','2015-05-16','2015-04-25','planned','c','QA',1,1),
(4,'klm','2015-03-25','2015-03-1','completed','d','Planning',2,1),
(5,'nop','2015-04-20','2015-03-26','working','e','Dev',2,1),
(6,'qrs','2015-05-16','2015-04-21','planned','f','QA',2,1),
(7,'tuv','2015-06-16','2015-06-01','working','g','QA',7,1),
(8,'wxy','2015-07-02','2015-06-17','completed','h','QA',7,1),
(9,'zabc','2015-07-30','2015-07-15','working','i','Dev',8,1),
(10,'abcd','2015-08-15','2015-07-31','working','j','Dev',8,1),
(11,'bcde','2015-09-10','2015-09-01','working','k','Dev',8,1),
(12,'cdef','2015-09-25','2015-09-11','working','l','QA',8,1),
(13,'defg','2015-10-15','2015-09-26','working','m','QA',8,1),
(14,'efgh','2015-11-25','2015-11-01','planned','n','Dev',9,1),
(15,'fghi','2015-12-26','2015-11-26','working','o','Dev',9,1),
(16,'ghij','2016-01-20','2015-12-27','working','p','Dev',9,1),
(17,'hijk','2016-02-15','2016-01-20','working','q','QA',9,1),
(18,'ijkl','2016-03-01','2016-02-16','completed','r','QA',9,1),
(19,'jklm','2016-04-03','2016-03-02','working','s','QA',10,1),
(20,'klmn','2016-04-20','2016-04-05','completed','t','QA',10,1),
(21,'lmno','2016-05-01','2016-04-21','planned','u','planning',10,1),
(22,'mnop','2016-05-15','2016-05-02','working','v','planning',11,1),
(23,'nopq','2016-06-01','2016-05-16','planned','w','planning',11,1),
(24,'opqr','2016-06-09','2016-06-02','working','x','release',11,1),
(25,'pqrs','2016-06-15','2016-06-10','completed','y','release',11,1),
(26,'qrst','2015-06-02','2015-05-25','working','aa','Dev',12,1),
(27,'rstu','2015-06-12','2015-06-03','completed','ab','Dev',12,1),
(28,'stuv','2015-06-12','2015-06-05','working','ac','Dev',13,1),
(29,'tuvw','2015-06-20','2015-06-13','completed','ad','Dev',13,1),
(30,'vwxy','2015-07-20','2015-06-25','planned','ae','Dev',14,1),
(31,'wxyz','2015-08-02','2015-07-21','working','af','Dev',14,1),
(32,'xyza','2015-08-30','2015-08-03','working','ag','Dev',14,1),
(33,'xyzab','2015-09-27','2015-08-31','working','ah','QA',14,1),
(34,'yzabc','2015-10-10','2015-10-02','planned','ai','dev',15,1),
(35,'zabcd','2015-10-28','2015-10-11','working','aj','dev',15,1),
(36,'abcde','2015-11-27','2015-10-29','completed','ak','dev',15,1),
(37,'bcdef','2015-12-30','2015-11-28','working','al','QA',15,1),
(38,'cdefg','2016-01-15','2015-12-31','completed','am','QA',15,1),
(39,'defgh','2016-01-31','2016-01-25','planned','an','QA',16,1),
(40,'efghi','2016-02-15','2016-02-01','working','ao','QA',16,1),
(41,'fghij','2016-02-28','2016-02-16','completed','ap','QA',16,0),
(42,'ghijk','2016-03-15','2016-02-29','planned','aq','planning',16,0),
(43,'hijkl','2016-03-28','2016-03-16','working','ar','planning',16,0),
(44,'ijklm','2016-04-10','2016-03-29','completed','as','planning',16,0);




/*
Data for items information
*/
INSERT INTO item_info
(`item_id`,
`item_title`,
`item_description`,
`item_status`,
`item_for_iteration`,
`item_for_release`,`item_active`)
VALUES
(1,'release1_iteration1_item1','fadfadfsdafsdfs',2,1,1,1),
(2,'release1_iteration1_item2','fadfadfsdafsdfs',2,1,1,1),
(3,'release1_iteration1_item3','fadfadfsdafsdfs',2,1,1,1),
(4,'release1_iteration2_item1','fadfadfsdafsdfs',2,2,1,1),
(5,'release1_iteration2_item2','fadfadfsdafsdfs',2,2,1,1),
(6,'release1_iteration2_item3','fadfadfsdafsdfs',2,2,1,1),
(7,'release1_iteration2_item4','fadfadfsdafsdfs',2,2,1,1),
(8,'release1_iteration3_item1','fadfadfsdafsdfs',2,3,1,1),
(9,'release1_iteration3_item2','fadfadfsdafsdfs',2,3,1,1),
(10,'release1_iteration3_item3','fadfadfsdafsdfs',2,3,1,1),
(11,'release1_iteration3_item4','fadfadfsdafsdfs',2,3,1,1),
(12,'release1_iteration3_item5','fadfadfsdafsdfs',1,3,1,1),
(13,'release1_iteration3_item6','fadfadfsdafsdfs',1,3,1,1),
(14,'release1_iteration3_item7','fadfadfsdafsdfs',0,3,1,1),
(15,'release2_iteration1_item1','fadfadfsdafsdfs',2,1,2,1),
(16,'release2_iteration1_item2','fadfadfsdafsdfs',2,1,2,1),
(17,'release2_iteration1_item3','fadfadfsdafsdfs',2,1,2,1),
(18,'release2_iteration2_item1','fadfadfsdafsdfs',2,2,2,1),
(19,'release2_iteration2_item2','fadfadfsdafsdfs',2,2,2,1),
(20,'release2_iteration2_item3','fadfadfsdafsdfs',2,2,2,1),
(21,'release2_iteration2_item4','fadfadfsdafsdfs',2,2,2,1),
(22,'release2_iteration2_item5','fadfadfsdafsdfs',2,2,2,1),
(23,'release2_iteration3_item1','fadfadfsdafsdfs',2,3,2,1),
(24,'release2_iteration3_item2','fadfadfsdafsdfs',0,3,2,1),
(25,'release2_iteration3_item3','fadfadfsdafsdfs',0,3,2,1),
(26,'release7_iteration1_item1','fadfadfsdafsdfs',2,1,7,1),
(27,'release7_iteration1_item2','fadfadfsdafsdfs',2,1,7,1),
(28,'release7_iteration1_item3','fadfadfsdafsdfs',2,1,7,1),
(29,'release7_iteration1_item4','fadfadfsdafsdfs',2,1,7,1),
(30,'release7_iteration2_item1','fadfadfsdafsdfs',2,2,7,1),
(31,'release7_iteration2_item2','fadfadfsdafsdfs',2,2,7,1),
(32,'release7_iteration2_item3','fadfadfsdafsdfs',2,2,7,1),
(33,'release7_iteration2_item4','fadfadfsdafsdfs',2,2,7,1),
(34,'release7_iteration2_item5','fadfadfsdafsdfs',1,2,7,1),
(35,'release7_iteration2_item6','fadfadfsdafsdfs',1,2,7,1),
(36,'release8_iteration1_item2','fadfadfsdafsdfs',2,1,8,1),
(37,'release8_iteration1_item3','fadfadfsdafsdfs',2,1,8,1),
(38,'release8_iteration1_item4','fadfadfsdafsdfs',2,1,8,1),
(39,'release8_iteration1_item5','fadfadfsdafsdfs',1,1,8,1),
(40,'release8_iteration1_item6','fadfadfsdafsdfs',1,1,8,1),
(41,'release8_iteration2_item1','fadfadfsdafsdfs',2,2,8,1),
(42,'release8_iteration2_item2','fadfadfsdafsdfs',2,2,8,1),
(43,'release8_iteration2_item3','fadfadfsdafsdfs',2,2,8,1),
(44,'release8_iteration2_item4','fadfadfsdafsdfs',2,2,8,1),
(45,'release8_iteration2_item5','fadfadfsdafsdfs',2,2,8,1),
(46,'release8_iteration2_item6','fadfadfsdafsdfs',2,2,8,1),
(47,'release8_iteration3_item1','fadfadfsdafsdfs',2,3,8,1),
(48,'release8_iteration3_item2','fadfadfsdafsdfs',2,3,8,1),
(49,'release8_iteration3_item3','fadfadfsdafsdfs',2,3,8,1),
(50,'release8_iteration3_item4','fadfadfsdafsdfs',2,3,8,1),
(51,'release8_iteration3_item5','fadfadfsdafsdfs',2,3,8,1),
(52,'release8_iteration3_item6','fadfadfsdafsdfs',2,3,8,1),
(53,'release8_iteration3_item7','fadfadfsdafsdfs',2,3,8,1),
(54,'release8_iteration3_item8','fadfadfsdafsdfs',2,3,8,1),
(55,'release8_iteration4_item1','fadfadfsdafsdfs',2,4,8,1),
(56,'release8_iteration4_item2','fadfadfsdafsdfs',2,4,8,1),
(57,'release8_iteration4_item3','fadfadfsdafsdfs',2,4,8,1),
(58,'release8_iteration4_item4','fadfadfsdafsdfs',2,4,8,1),
(59,'release8_iteration4_item5','fadfadfsdafsdfs',2,4,8,1),
(60,'release8_iteration4_item6','fadfadfsdafsdfs',2,4,8,1),
(61,'release8_iteration4_item7','fadfadfsdafsdfs',2,4,8,1),
(62,'release8_iteration5_item1','fadfadfsdafsdfs',2,5,8,1),
(63,'release8_iteration5_item2','fadfadfsdafsdfs',2,5,8,1),
(64,'release8_iteration5_item3','fadfadfsdafsdfs',1,5,8,1),
(65,'release8_iteration5_item4','fadfadfsdafsdfs',1,5,8,1),
(66,'release8_iteration5_item5','fadfadfsdafsdfs',1,5,8,1),
(67,'release8_iteration5_item6','fadfadfsdafsdfs',1,5,8,1),
(68,'release9_iteration1_item1','fadfadfsdafsdfs',2,1,9,1),
(69,'release9_iteration1_item2','fadfadfsdafsdfs',2,1,9,1),
(70,'release9_iteration1_item3','fadfadfsdafsdfs',2,1,9,1),
(71,'release9_iteration1_item4','fadfadfsdafsdfs',2,1,9,1),
(72,'release9_iteration1_item5','fadfadfsdafsdfs',2,1,9,1),
(73,'release9_iteration1_item6','fadfadfsdafsdfs',2,1,9,1),
(74,'release9_iteration1_item7','fadfadfsdafsdfs',2,1,9,1),
(75,'release9_iteration2_item1','fadfadfsdafsdfs',2,2,9,1),
(76,'release9_iteration2_item2','fadfadfsdafsdfs',2,2,9,1),
(77,'release9_iteration2_item3','fadfadfsdafsdfs',2,2,9,1),
(78,'release9_iteration2_item4','fadfadfsdafsdfs',2,2,9,1),
(79,'release9_iteration2_item5','fadfadfsdafsdfs',2,2,9,1),
(80,'release9_iteration2_item6','fadfadfsdafsdfs',2,2,9,1),
(81,'release9_iteration3_item1','fadfadfsdafsdfs',2,3,9,1),
(82,'release9_iteration3_item2','fadfadfsdafsdfs',2,3,9,1),
(83,'release9_iteration3_item3','fadfadfsdafsdfs',2,3,9,1),
(84,'release9_iteration3_item4','fadfadfsdafsdfs',2,3,9,1),
(85,'release9_iteration3_item5','fadfadfsdafsdfs',2,3,9,1),
(86,'release9_iteration3_item6','fadfadfsdafsdfs',2,3,9,1),
(87,'release9_iteration4_item1','fadfadfsdafsdfs',2,4,9,1),
(88,'release9_iteration4_item2','fadfadfsdafsdfs',2,4,9,1),
(89,'release9_iteration4_item3','fadfadfsdafsdfs',2,4,9,1),
(90,'release9_iteration4_item4','fadfadfsdafsdfs',2,4,9,1),
(91,'release9_iteration4_item5','fadfadfsdafsdfs',2,4,9,1),
(92,'release9_iteration4_item6','fadfadfsdafsdfs',1,4,9,1),
(93,'release9_iteration4_item7','fadfadfsdafsdfs',1,4,9,1),
(94,'release9_iteration4_item8','fadfadfsdafsdfs',1,4,9,1),
(95,'release9_iteration4_item9','fadfadfsdafsdfs',1,4,9,1),
(96,'release9_iteration5_item1','fadfadfsdafsdfs',2,5,9,1),
(97,'release9_iteration5_item2','fadfadfsdafsdfs',2,5,9,1),
(98,'release9_iteration5_item3','fadfadfsdafsdfs',2,5,9,1),
(99,'release9_iteration5_item4','fadfadfsdafsdfs',2,5,9,1),
(100,'release9_iteration5_item5','fadfadfsdafsdfs',2,5,9,1),
(101,'release9_iteration5_item6','fadfadfsdafsdfs',2,5,9,1),
(102,'release9_iteration5_item7','fadfadfsdafsdfs',2,5,9,1),
(103,'release9_iteration5_item8','fadfadfsdafsdfs',2,5,9,1),
(104,'release9_iteration5_item9','fadfadfsdafsdfs',2,5,9,1),
(105,'release9_iteration5_item10','fadfadfsdafsdfs',2,5,9,1),
(106,'release9_iteration5_item11','fadfadfsdafsdfs',2,5,9,1),
(107,'release9_iteration5_item12','fadfadfsdafsdfs',2,5,9,1),
(108,'release9_iteration5_item13','fadfadfsdafsdfs',1,5,9,1),
(109,'release10_iteration1_item1','fadfadfsdafsdfs',2,1,10,1),
(110,'release10_iteration1_item2','fadfadfsdafsdfs',2,1,10,1),
(111,'release10_iteration1_item3','fadfadfsdafsdfs',2,1,10,1),
(112,'release10_iteration1_item4','fadfadfsdafsdfs',2,1,10,1),
(113,'release10_iteration1_item5','fadfadfsdafsdfs',2,1,10,1),
(114,'release10_iteration1_item6','fadfadfsdafsdfs',2,1,10,1),
(115,'release10_iteration2_item1','fadfadfsdafsdfs',2,2,10,1),
(116,'release10_iteration2_item2','fadfadfsdafsdfs',2,2,10,1),
(117,'release10_iteration2_item3','fadfadfsdafsdfs',2,2,10,1),
(118,'release10_iteration2_item4','fadfadfsdafsdfs',2,2,10,1),
(119,'release10_iteration2_item5','fadfadfsdafsdfs',2,2,10,1),
(120,'release10_iteration2_item6','fadfadfsdafsdfs',2,2,10,1),
(121,'release10_iteration3_item1','fadfadfsdafsdfs',2,3,10,1),
(122,'release10_iteration3_item2','fadfadfsdafsdfs',2,3,10,1),
(123,'release10_iteration3_item3','fadfadfsdafsdfs',2,3,10,1),
(124,'release10_iteration3_item4','fadfadfsdafsdfs',2,3,10,1),
(125,'release11_iteration1_item1','fadfadfsdafsdfs',2,1,11,1),
(126,'release11_iteration1_item2','fadfadfsdafsdfs',2,1,11,1),
(127,'release11_iteration1_item3','fadfadfsdafsdfs',2,1,11,1),
(128,'release11_iteration1_item4','fadfadfsdafsdfs',2,1,11,1),
(129,'release11_iteration1_item5','fadfadfsdafsdfs',2,1,11,1),
(130,'release11_iteration1_item6','fadfadfsdafsdfs',2,1,11,1),
(131,'release11_iteration2_item1','fadfadfsdafsdfs',2,2,11,1),
(132,'release11_iteration2_item2','fadfadfsdafsdfs',2,2,11,1),
(133,'release11_iteration2_item3','fadfadfsdafsdfs',2,2,11,1),
(134,'release11_iteration2_item4','fadfadfsdafsdfs',2,2,11,1),
(135,'release11_iteration2_item5','fadfadfsdafsdfs',2,2,11,1),
(136,'release11_iteration2_item6','fadfadfsdafsdfs',1,2,11,1),
(137,'release11_iteration2_item7','fadfadfsdafsdfs',1,2,11,1),
(138,'release11_iteration3_item1','fadfadfsdafsdfs',2,3,11,1),
(139,'release11_iteration3_item2','fadfadfsdafsdfs',2,3,11,1),
(140,'release11_iteration3_item3','fadfadfsdafsdfs',2,3,11,1),
(141,'release11_iteration3_item4','fadfadfsdafsdfs',2,3,11,1),
(142,'release11_iteration3_item5','fadfadfsdafsdfs',2,3,11,1),
(143,'release11_iteration4_item1','fadfadfsdafsdfs',2,4,11,1),
(144,'release11_iteration4_item2','fadfadfsdafsdfs',1,4,11,1),
(145,'release11_iteration4_item3','fadfadfsdafsdfs',1,4,11,1),
(146,'release11_iteration4_item4','fadfadfsdafsdfs',1,4,11,1),
(147,'release11_iteration4_item5','fadfadfsdafsdfs',1,4,11,1),
(148,'release11_iteration4_item6','fadfadfsdafsdfs',0,4,11,1),
(149,'release11_iteration4_item7','fadfadfsdafsdfs',2,4,11,1),
(150,'release12_iteration1_item1','fadfadfsdafsdfs',2,1,12,1),
(151,'release12_iteration1_item2','fadfadfsdafsdfs',2,1,12,1),
(152,'release12_iteration1_item3','fadfadfsdafsdfs',2,1,12,1),
(153,'release12_iteration2_item1','fadfadfsdafsdfs',2,2,12,1),
(154,'release12_iteration2_item2','fadfadfsdafsdfs',2,2,12,1),
(155,'release12_iteration2_item3','fadfadfsdafsdfs',2,2,12,1),
(156,'release12_iteration2_item4','fadfadfsdafsdfs',2,2,12,1),
(157,'release12_iteration2_item5','fadfadfsdafsdfs',2,2,12,1),
(158,'release13_iteration1_item1','fadfadfsdafsdfs',2,1,13,1),
(159,'release13_iteration1_item2','fadfadfsdafsdfs',2,1,13,1),
(160,'release13_iteration1_item3','fadfadfsdafsdfs',2,1,13,1),
(161,'release13_iteration1_item4','fadfadfsdafsdfs',2,1,13,1),
(162,'release13_iteration1_item5','fadfadfsdafsdfs',2,1,13,1),
(163,'release13_iteration2_item1','fadfadfsdafsdfs',2,2,13,1),
(164,'release13_iteration2_item2','fadfadfsdafsdfs',2,2,13,1),
(165,'release13_iteration2_item3','fadfadfsdafsdfs',2,2,13,1),
(166,'release13_iteration2_item4','fadfadfsdafsdfs',2,2,13,1),
(167,'release13_iteration2_item5','fadfadfsdafsdfs',1,2,13,1),
(168,'release14_iteration1_item1','fadfadfsdafsdfs',2,1,14,1),
(169,'release14_iteration1_item2','fadfadfsdafsdfs',2,1,14,1),
(170,'release14_iteration1_item3','fadfadfsdafsdfs',2,1,14,1),
(171,'release14_iteration1_item4','fadfadfsdafsdfs',2,1,14,1),
(172,'release14_iteration1_item5','fadfadfsdafsdfs',2,1,14,1),
(173,'release14_iteration1_item6','fadfadfsdafsdfs',2,1,14,1),
(174,'release14_iteration2_item1','fadfadfsdafsdfs',1,2,14,1),
(175,'release14_iteration2_item2','fadfadfsdafsdfs',2,2,14,1),
(176,'release14_iteration2_item3','fadfadfsdafsdfs',2,2,14,1),
(177,'release14_iteration2_item4','fadfadfsdafsdfs',2,2,14,1),
(178,'release14_iteration2_item5','fadfadfsdafsdfs',2,2,14,1),
(179,'release14_iteration2_item6','fadfadfsdafsdfs',2,2,14,1),
(180,'release14_iteration3_item1','fadfadfsdafsdfs',2,3,14,1),
(181,'release14_iteration3_item2','fadfadfsdafsdfs',2,3,14,1),
(182,'release14_iteration3_item3','fadfadfsdafsdfs',2,3,14,1),
(183,'release14_iteration3_item4','fadfadfsdafsdfs',2,3,14,1),
(184,'release14_iteration3_item5','fadfadfsdafsdfs',2,3,14,1),
(185,'release14_iteration3_item6','fadfadfsdafsdfs',2,3,14,1),
(186,'release14_iteration3_item7','fadfadfsdafsdfs',2,3,14,1),
(187,'release14_iteration3_item8','fadfadfsdafsdfs',2,3,14,1),
(188,'release14_iteration3_item9','fadfadfsdafsdfs',1,3,14,1),
(189,'release14_iteration4_item1','fadfadfsdafsdfs',2,4,14,1),
(190,'release14_iteration4_item2','fadfadfsdafsdfs',2,4,14,1),
(191,'release14_iteration4_item3','fadfadfsdafsdfs',2,4,14,1),
(192,'release14_iteration4_item4','fadfadfsdafsdfs',2,4,14,1),
(193,'release14_iteration4_item5','fadfadfsdafsdfs',2,4,14,1),
(194,'release14_iteration4_item6','fadfadfsdafsdfs',1,4,14,1),
(195,'release15_iteration1_item1','fadfadfsdafsdfs',2,1,15,1),
(196,'release15_iteration1_item2','fadfadfsdafsdfs',2,1,15,1),
(197,'release15_iteration1_item3','fadfadfsdafsdfs',2,1,15,1),
(198,'release15_iteration1_item4','fadfadfsdafsdfs',2,1,15,1),
(199,'release15_iteration1_item5','fadfadfsdafsdfs',2,1,15,1),
(200,'release15_iteration1_item6','fadfadfsdafsdfs',2,1,15,1),
(201,'release15_iteration1_item7','fadfadfsdafsdfs',2,1,15,1),
(202,'release15_iteration2_item1','fadfadfsdafsdfs',2,2,15,1),
(203,'release15_iteration2_item2','fadfadfsdafsdfs',2,2,15,1),
(204,'release15_iteration2_item3','fadfadfsdafsdfs',2,2,15,1),
(205,'release15_iteration2_item4','fadfadfsdafsdfs',2,2,15,1),
(206,'release15_iteration2_item5','fadfadfsdafsdfs',2,2,15,1),
(207,'release15_iteration2_item6','fadfadfsdafsdfs',2,2,15,1),
(208,'release15_iteration3_item1','fadfadfsdafsdfs',2,3,15,1),
(209,'release15_iteration3_item2','fadfadfsdafsdfs',2,3,15,1),
(210,'release15_iteration3_item3','fadfadfsdafsdfs',2,3,15,1),
(211,'release15_iteration3_item4','fadfadfsdafsdfs',2,3,15,1),
(212,'release15_iteration3_item5','fadfadfsdafsdfs',2,3,15,1),
(213,'release15_iteration3_item6','fadfadfsdafsdfs',2,3,15,1),
(214,'release15_iteration3_item7','fadfadfsdafsdfs',2,3,15,1),
(215,'release15_iteration4_item1','fadfadfsdafsdfs',2,4,15,1),
(216,'release15_iteration4_item2','fadfadfsdafsdfs',1,4,15,1),
(217,'release15_iteration4_item3','fadfadfsdafsdfs',1,4,15,1),
(218,'release15_iteration4_item4','fadfadfsdafsdfs',1,4,15,1),
(219,'release15_iteration4_item5','fadfadfsdafsdfs',1,4,15,1),
(220,'release15_iteration4_item6','fadfadfsdafsdfs',1,4,15,1),
(221,'release15_iteration4_item7','fadfadfsdafsdfs',1,4,15,1),
(222,'release15_iteration4_item8','fadfadfsdafsdfs',1,4,15,1),
(223,'release15_iteration4_item9','fadfadfsdafsdfs',0,4,15,1),
(224,'release15_iteration4_item10','fadfadfsdafsdfs',0,4,15,1),
(225,'release15_iteration4_item11','fadfadfsdafsdfs',0,4,15,1),
(226,'release15_iteration5_item1','fadfadfsdafsdfs',2,5,15,1),
(227,'release15_iteration5_item2','fadfadfsdafsdfs',2,5,15,1),
(228,'release15_iteration5_item3','fadfadfsdafsdfs',2,5,15,1),
(229,'release15_iteration5_item4','fadfadfsdafsdfs',2,5,15,1),
(230,'release15_iteration5_item5','fadfadfsdafsdfs',2,5,15,1),
(231,'release15_iteration5_item6','fadfadfsdafsdfs',2,5,15,0),
(232,'release15_iteration5_item7','fadfadfsdafsdfs',1,5,15,1),
(233,'release16_iteration1_item1','fadfadfsdafsdfs',2,1,16,1),
(234,'release16_iteration1_item2','fadfadfsdafsdfs',2,1,16,1),
(235,'release16_iteration1_item3','fadfadfsdafsdfs',2,1,16,1),
(236,'release16_iteration1_item4','fadfadfsdafsdfs',2,1,16,1),
(237,'release16_iteration1_item5','fadfadfsdafsdfs',2,1,16,1),
(238,'release16_iteration1_item6','fadfadfsdafsdfs',2,1,16,1),
(239,'release16_iteration2_item1','fadfadfsdafsdfs',2,2,16,1),
(240,'release16_iteration2_item2','fadfadfsdafsdfs',2,2,16,1),
(241,'release16_iteration2_item3','fadfadfsdafsdfs',2,2,16,1),
(242,'release16_iteration2_item4','fadfadfsdafsdfs',2,2,16,1),
(243,'release16_iteration2_item5','fadfadfsdafsdfs',2,2,16,1),
(244,'release16_iteration2_item6','fadfadfsdafsdfs',2,2,16,0),
(245,'release16_iteration3_item1','fadfadfsdafsdfs',2,3,16,1),
(246,'release16_iteration3_item2','fadfadfsdafsdfs',2,3,16,1),
(247,'release16_iteration3_item3','fadfadfsdafsdfs',2,3,16,1),
(248,'release16_iteration3_item4','fadfadfsdafsdfs',2,3,16,1),
(249,'release16_iteration3_item5','fadfadfsdafsdfs',2,3,16,1),
(250,'release16_iteration4_item1','fadfadfsdafsdfs',2,4,16,1),
(251,'release16_iteration4_item2','fadfadfsdafsdfs',2,4,16,1),
(252,'release16_iteration4_item3','fadfadfsdafsdfs',2,4,16,1),
(253,'release16_iteration4_item4','fadfadfsdafsdfs',2,4,16,1),
(254,'release16_iteration4_item5','fadfadfsdafsdfs',2,4,16,1),
(255,'release16_iteration4_item6','fadfadfsdafsdfs',2,4,16,1),
(256,'release16_iteration5_item1','fadfadfsdafsdfs',1,5,16,1),
(257,'release16_iteration5_item2','fadfadfsdafsdfs',1,5,16,0),
(258,'release16_iteration5_item3','fadfadfsdafsdfs',2,5,16,1),
(259,'release16_iteration5_item4','fadfadfsdafsdfs',1,5,16,1),
(260,'release16_iteration5_item5','fadfadfsdafsdfs',2,5,16,1),
(261,'release16_iteration6_item1','fadfadfsdafsdfs',1,6,16,1),
(262,'release16_iteration6_item2','fadfadfsdafsdfs',1,6,16,1),
(263,'release16_iteration6_item3','fadfadfsdafsdfs',0,6,16,1),
(264,'release16_iteration6_item4','fadfadfsdafsdfs',0,6,16,0);